"id","name","model","brand","slug","product_id"
"67cac78a2a4e1c9ef44d615b","Carry Handle","Tape","Pack Secure","packpro-carry-handle-tape","CHT01"
"655b45fe0ebe678ef4df6829","Chromo Label","CL_76x136_500","Rollabel™","Rollabel™ Chromo Label 76x136mm - 500 Labels Per Roll","CL_76x136_500"
"655b45fe0ebe678ef4df6830","Chromo Label","CL_85x55_250","Rollabel™","Rollabel™ Chromo Label 85x55mm - 250 Labels Per Roll","CL_85x55_250"
"655b45fe0ebe678ef4df6831","Chromo Label","CL_85x55_400","Rollabel™","Rollabel™ Chromo Label 85x55mm - 400 Labels Per Roll","CL_85x55_400"
"655b45fe0ebe678ef4df6825","Chromo Label","CL_60x83_400","Rollabel™","Rollabel™ Chromo Label 60x83mm - 400 Labels Per Roll","CL_60x83_400"
"655b45fe0ebe678ef4df6826","Chromo Label","CL_60x83_500","Rollabel™","Rollabel™ Chromo Label 60x83mm - 500 Labels Per Roll","CL_60x83_500"
"655b45fe0ebe678ef4df6827","Chromo Label","CL_76x136_250","Rollabel™","Rollabel™ Chromo Label 76x136mm - 250 Labels Per Roll","CL_76x136_250"
"655b45fe0ebe678ef4df6835","Chromo Label","CL_50x90_2_500","Rollabel™","Rollabel™ Chromo Label 50x90mm - 2Ups - 2x500 Labels Per Roll","CL_50x90_2_500"
"65a49d4e7aba1accd77bab2d","Chromo Label","75x125mm - 500 Roll","Rollabel™","rollabel-chromo-label-75×125-mm-500-roll","CL_75x125_500"
"65a49d4e7aba1accd77bab2c","Chromo Label","75x125mm - 400 Roll","Rollabel™","rollabel-chromo-label-75×125-mm-400-roll","CL_75x125_400"
"655b45fe0ebe678ef4df6832","Chromo Label","CL_85x55_500","Rollabel™","Rollabel™ Chromo Label 85x55mm - 500 Labels Per Roll","CL_85x55_500"
"655b45fe0ebe678ef4df6833","Chromo Label","CL_50x90_2_250","Rollabel™","Rollabel™ Chromo Label 50x90mm - 2Ups - 2x250 Labels Per Roll","CL_50x90_2_250"
"655b45fe0ebe678ef4df6834","Chromo Label","CL_50x90_2_400","Rollabel™","Rollabel™ Chromo Label 50x90mm - 2Ups - 2x400 Labels Per Roll","CL_50x90_2_400"
"655b45fe0ebe678ef4df6817","Chromo Label","CL_100x75_500","Rollabel™","Rollabel™ Chromo Label 100x75mm - 500 Labels Per Roll","CL_100x75_500"
"655b45fe0ebe678ef4df6818","Chromo Label","CL_50x20_500","Rollabel™","Rollabel™ Chromo Label 50x20mm - 500 Labels Per Roll","CL_50x20_500"
"655b45fe0ebe678ef4df6819","Chromo Label","CL_50x20_1000","Rollabel™","Rollabel™ Chromo Label 50x20mm - 1000 Labels Per Roll","CL_50x20_1000"
"655b45fe0ebe678ef4df6814","Chromo Label","CL_100x50_1000","Rollabel™","Rollabel™ Chromo Label 100x50mm - 1000 Labels Per Roll","CL_100x50_1000"
"655b45fe0ebe678ef4df6815","Chromo Label","CL_100x75_250","Rollabel™","Rollabel™ Chromo Label 100x75mm - 250 Labels Per Roll","CL_100x75_250"
"655b45fe0ebe678ef4df6816","Chromo Label","CL_100x75_400","Rollabel™","Rollabel™ Chromo Label 100x75mm - 400 Labels Per Roll","CL_100x75_400"
"655b45fe0ebe678ef4df6823","Chromo Label","CL_50x38_2000","Rollabel™","Rollabel™ Chromo Label 50x38mm - 2000 Labels Per Roll","CL_50x38_2000"
"655b45fe0ebe678ef4df6824","Chromo Label","CL_60x83_250","Rollabel™","Rollabel™ Chromo Label 60x83mm - 250 Labels Per Roll","CL_60x83_250"
"655b45fe0ebe678ef4df6813","Chromo Label","CL_100x50_500","Rollabel™","Rollabel™ Chromo Label 100x50mm - 500 Labels Per Roll","CL_100x50_500"
"655b45fe0ebe678ef4df6820","Chromo Label","CL_50x20_2000","Rollabel™","Rollabel™ Chromo Label 50x20mm - 2000 Labels Per Roll","CL_50x20_2000"
"655b45fe0ebe678ef4df6821","Chromo Label","CL_50x38_500","Rollabel™","Rollabel™ Chromo Label 50x38mm - 500 Labels Per Roll","CL_50x38_500"
"655b45fe0ebe678ef4df6822","Chromo Label","CL_50x38_1000","Rollabel™","Rollabel™ Chromo Label 50x38mm - 1000 Labels Per Roll","CL_50x38_1000"
"65a49d4e7aba1accd77bab2b","Chromo Label","75×125mm - 250 Roll","Rollabel™","rollabel-direct-thermal-label-75×125-mm-250-roll","CL_75x125_250"
"655b45fe0ebe678ef4df6806","Chromo Label","CL_100x150_250","Rollabel™","Rollabel™ Chromo Label 100x150mm - 250 Labels Per Roll","CL_100x150_250"
"655b45fe0ebe678ef4df6807","Chromo Label","CL_100x150_400","Rollabel™","Rollabel™ Chromo Label 100x150mm - 400 Labels Per Roll","CL_100x150_400"
"655b45fe0ebe678ef4df6808","Chromo Label","CL_100x150_500","Rollabel™","Rollabel™ Chromo Label 100x150mm - 500 Labels Per Roll","CL_100x150_500"
"655b45fe0ebe678ef4df6803","Chromo Label","CL_75x125_250","Rollabel™","Rollabel™ Chromo Label 75x125mm - 250 Labels Per Roll","CL_75x125_250"
"655b45fe0ebe678ef4df6804","Chromo Label","CL_75x125_400","Rollabel™","Rollabel™ Chromo Label 75x125mm - 400 Labels Per Roll","CL_75x125_400"
"655b45fe0ebe678ef4df6805","Chromo Label","CL_75x125_500","Rollabel™","Rollabel™ Chromo Label 75x125mm - 500 Labels Per Roll","CL_75x125_500"
"655b45fe0ebe678ef4df6800","Chromo Label","CL_65x70_250","Rollabel™","Rollabel™ Chromo Label 65x70mm - 250 Labels Per Roll","CL_65x70_250"
"655b45fe0ebe678ef4df6812","Chromo Label","CL_51x32_2000","Rollabel™","Rollabel™ Chromo Label 51x32mm - 2000 Labels Per Roll","CL_51x32_2000"
"655b45fe0ebe678ef4df6828","Chromo Label","CL_76x136_400","Rollabel™","Rollabel™ Chromo Label 76x136mm - 400 Labels Per Roll","CL_76x136_400"
"655b45fe0ebe678ef4df6809","Chromo Label","CL_51x32_500","Rollabel™","Rollabel™ Chromo Label 51x32mm - 500 Labels Per Roll","CL_51x32_500"
"655b45fe0ebe678ef4df6810","Chromo Label","CL_51x32_1000","Rollabel™","Rollabel™ Chromo Label 51x32mm - 1000 Labels Per Roll","CL_51x32_1000"
"655b45fe0ebe678ef4df6811","Chromo Label","CL_51x32_1500","Rollabel™","Rollabel™ Chromo Label 51x32mm - 1500 Labels Per Roll","CL_51x32_1500"
"655b45fe0ebe678ef4df6802","Chromo Label","CL_65x70_500","Rollabel™","Rollabel™ Chromo Label 65x70mm - 500 Labels Per Roll","CL_65x70_500"
"65a49d4e7aba1accd77bab27","Chromo Label"," 65×70mm - 500 Roll","Rollabel™","rollabel-direct-thermal-label-65×70-mm-500-roll","CL_65x70_500"
"65a49d4e7aba1accd77bab26","Chromo Label","65x70mm - 400 Roll","Rollabel™","rollabel-chromo-label-65×70-mm-400-roll","CL_65x70_400"
"65a49d4e7aba1accd77bab25","Chromo Label","65x70mm - 250 Roll","Rollabel™","rollabel-chromo-label-65×70-mm-250-roll","CL_65x70_250"
"65a49d4e7aba1accd77bab2a","Chromo Label","100x150mm - 500 Roll","Rollabel™","rollabel-chromo-label-100×150-mm-500-roll","CL_100x150_500"
"65a49d4e7aba1accd77bab29","Chromo Label","100x150mm - 400 Roll","Rollabel™","rollabel-chromo-label-100×150-mm-400-roll","CL_100x150_400"
"65a49d4e7aba1accd77bab28","Chromo Label","100x150mm - 250 Roll","Rollabel™","rollabel-chromo-label-100×150-mm-250-roll","CL_100x150_250"
"655b45fe0ebe678ef4df6839","Chromo Label","DT_50x20_500","Rollabel™","Rollabel™ Direct Thermal Label 50x20mm - 500 Labels Per Roll","DT_50x20_500"
"655b45fe0ebe678ef4df6801","Chromo Label","CL_65x70_400","Rollabel™","Rollabel™ Chromo Label 65x70mm - 400 Labels Per Roll","CL_65x70_400"
"655b45fe0ebe678ef4df6838","Chromo Label","CL_34x34_2_2000","Rollabel™","Rollabel™ Chromo Label 34x34mm - 2Ups - 2x2000 Labels Per Roll","CL_34x34_2_2000"
"655b45fe0ebe678ef4df6837","Chromo Label","CL_34x34_2_1000","Rollabel™","Rollabel™ Chromo Label 34x34mm - 2Ups - 2x1000 Labels Per Roll","CL_34x34_2_1000"
"655b45fe0ebe678ef4df6836","Chromo Label","CL_34x34_2_500","Rollabel™","Rollabel™ Chromo Label 34x34mm - 2Ups - 2x500 Labels Per Roll","CL_34x34_2_500"
"655ae57268e0956b97a4fe02","corrugated box","NC12","Amazon","amazon-corrugated-box-nc12","NC12"
"655ae57268e0956b97a4fe01","corrugated box","NC9","Amazon","amazon-corrugated-box-nc9","NC9"
"655ae57268e0956b97a4fe07","corrugated box","NC29","Amazon","amazon-corrugated-box-nc29","NC29"
"655ae57268e0956b97a4fe08","corrugated box","NC30","Amazon","amazon-corrugated-box-nc30","NC30"
"655ae57268e0956b97a4fe09","corrugated box","NC31A","Amazon","amazon-corrugated-box-nc31a","NC31A"
"655ae57268e0956b97a4fdee","corrugated box","D35","Flipkart","flipkart-corrugated-box-d35","D35"
"655ae57268e0956b97a4fdf1","corrugated box","BT4","Amazon","amazon-corrugated-box-bt4","BT4"
"655ae57268e0956b97a4fdfe","corrugated box","NC4","Amazon","amazon-corrugated-box-nc4","NC4"
"655ae57268e0956b97a4fe00","corrugated box","NC8","Amazon","amazon-corrugated-box-nc8","NC8"
"655ae57268e0956b97a4fdff","corrugated box","NC5","Amazon","amazon-corrugated-box-nc5","NC5"
"655ae57268e0956b97a4fe0a","corrugated box","NC32A","Amazon","amazon-corrugated-box-nc32a","NC32A"
"655ae57268e0956b97a4fe22","corrugated box","NT14","Amazon","amazon-corrugated-box-nt14","NT14"
"655ae57268e0956b97a4fe21","corrugated box","NT13","Amazon","amazon-corrugated-box-nt13","NT13"
"692816b02c520e0c584b6567","Corrugated Box","D1","Flipkart","flipkart-corrugated-box-d1","D1"
"697321346a6ca8ed353df1a3","corrugated box","BS13","Amazon","amazon-corrugated-box-bs13","BS13"
"6973271e6a6ca8ed353df25d","corrugated box","BS17","Amazon","amazon-corrugated-box-bs17","BS17"
"655ae57268e0956b97a4fe1d","corrugated box","NT1","Amazon","amazon-corrugated-box-nt1","NT1"
"655ae57268e0956b97a4fe0b","corrugated box","NC34A","Amazon","amazon-corrugated-box-nc34a","NC34A"
"655ae57268e0956b97a4fe1e","corrugated box","NT2","Amazon","amazon-corrugated-box-nt2","NT2"
"655ae57268e0956b97a4fe20","corrugated box","NT4","Amazon","amazon-corrugated-box-nt4","NT4"
"655ae57268e0956b97a4fe1f","corrugated box","NT3","Amazon","amazon-corrugated-box-nt3","NT3"
"6557e30fdbf4d95c4c4cefa6","corrugated box","D5","Flipkart","flipkart-corrugated-box-d5","D5"
"6557e30fdbf4d95c4c4cefa3","corrugated box","D2","Flipkart","flipkart-corrugated-box-d2","D2"
"6557e30fdbf4d95c4c4cefa5","corrugated box","D4","Flipkart","flipkart-corrugated-box-d4","D4"
"6557e30fdbf4d95c4c4cefac","corrugated box","D11","Flipkart","flipkart-corrugated-box-d11","D11"
"655ae57268e0956b97a4fddb","corrugated box","D16","Flipkart","flipkart-corrugated-box-d16","D16"
"655ae57268e0956b97a4fddc","corrugated box","D17","Flipkart","flipkart-corrugated-box-d17","D17"
"6557e30fdbf4d95c4c4cefad","corrugated box","D12","Flipkart","flipkart-corrugated-box-d12","D12"
"6557e30fdbf4d95c4c4cefb0","corrugated box","D15","Flipkart","flipkart-corrugated-box-d15","D15"
"6557e30fdbf4d95c4c4cefa7","Corrugated Box","D6","Flipkart","flipkart-corrugated-box-d6","D6"
"6557e30fdbf4d95c4c4cefab","Corrugated Box","D10","Flipkart","flipkart-corrugated-box-d10","D10"
"655ae57268e0956b97a4fe24","corrugated box","TPC7","Amazon","amazon-corrugated-box-tpc7","TPC7"
"655ae57268e0956b97a4fe23","corrugated box","TPC6","Amazon","amazon-corrugated-box-tpc6","TPC6"
"6557e30fdbf4d95c4c4cefa8","corrugated box","D7","Flipkart","flipkart-corrugated-box-d7","D7"
"6557e30fdbf4d95c4c4cefaf","corrugated box","D14","Flipkart","flipkart-corrugated-box-d14","D14"
"6557e30fdbf4d95c4c4cefa9","corrugated box","D8","Flipkart","flipkart-corrugated-box-d8","D8"
"6557e30fdbf4d95c4c4cefa4","corrugated box","D3","Flipkart","flipkart-corrugated-box-d3","D3"
"655ae57268e0956b97a4fddd","corrugated box","D18","Flipkart","flipkart-corrugated-box-d18","D18"
"655ae57268e0956b97a4fde7","corrugated box","D28","Flipkart","flipkart-corrugated-box-d28","D28"
"655ae57268e0956b97a4fde8","corrugated box","D29","Flipkart","flipkart-corrugated-box-d29","D29"
"655ae57268e0956b97a4fde5","corrugated box","D26","Flipkart","flipkart-corrugated-box-d26","D26"
"655ae57268e0956b97a4fde6","corrugated box","D27","Flipkart","flipkart-corrugated-box-d27","D27"
"655ae57268e0956b97a4fdeb","corrugated box","D32","Flipkart","flipkart-corrugated-box-d32","D32"
"655ae57268e0956b97a4fdec","corrugated box","D33","Flipkart","flipkart-corrugated-box-d33","D33"
"655ae57268e0956b97a4fde9","corrugated box","D30","Flipkart","flipkart-corrugated-box-d30","F31"
"655ae57268e0956b97a4fdea","corrugated box","D31","Flipkart","flipkart-corrugated-box-d31","D31"
"655ae57268e0956b97a4fde4","corrugated box","D25","Flipkart","flipkart-corrugated-box-d25","D25"
"655ae57268e0956b97a4fddf","corrugated box","D20","Flipkart","flipkart-corrugated-box-d20","D20"
"655ae57268e0956b97a4fdde","corrugated box","D19","Flipkart","flipkart-corrugated-box-d19","D19"
"655ae57268e0956b97a4fded","corrugated box","D34","Flipkart","flipkart-corrugated-box-d34","D34"
"655ae57268e0956b97a4fde0","corrugated box","D21","Flipkart","flipkart-corrugated-box-d21","D21"
"655ae57268e0956b97a4fde3","corrugated box","D24","Flipkart","flipkart-corrugated-box-d24","D24"
"655ae57268e0956b97a4fde2","corrugated box","D23","Flipkart","flipkart-corrugated-box-d23","D23"
"655ae57268e0956b97a4fde1","corrugated box","D22","Flipkart","flipkart-corrugated-box-d22","D22"
"692816b02c520e0c584b6566","Corrugated Box ","D0","Flipkart","flipkart-corrugated-boxx-d0","D0"
"655b45fe0ebe678ef4df6867","Direct Thermal Label ","DT_100x150_250","Rollabel™","Rollabel™ Direct Thermal Label 100x150mm - 250 Labels Per Roll","DT_100x150_250"
"655b45fe0ebe678ef4df6866","Direct Thermal Label ","DT_75x125_500","Rollabel™","Rollabel™ Direct Thermal Label 75x125mm - 500 Labels Per Roll","DT_75x125_500"
"655b45fe0ebe678ef4df6865","Direct Thermal Label ","DT_75x125_400","Rollabel™","Rollabel™ Direct Thermal Label 75x125mm - 400 Labels Per Roll","DT_75x125_400"
"655b45fe0ebe678ef4df6868","Direct Thermal Label ","DT_100x150_400","Rollabel™","Rollabel™ Direct Thermal Label 100x150mm - 400 Labels Per Roll","DT_100x150_400"
"655b45fe0ebe678ef4df6871","Direct Thermal Label ","DT_100x50_1000","Rollabel™","Rollabel™ Direct Thermal Label 100x50mm - 1000 Labels Per Roll","DT_100x50_1000"
"655b45fe0ebe678ef4df6872","Direct Thermal Label ","DT_65x70_250","Rollabel™","Rollabel™ Direct Thermal Label 65x70mm - 250 Labels Per Roll","DT_65x70_250"
"655b45fe0ebe678ef4df6869","Direct Thermal Label ","DT_100x150_500","Rollabel™","Rollabel™ Direct Thermal Label 100x150mm - 500 Labels Per Roll","DT_100x150_500"
"655b45fe0ebe678ef4df6870","Direct Thermal Label ","DT_100x50_500","Rollabel™","Rollabel™ Direct Thermal Label 100x50mm - 500 Labels Per Roll","DT_100x50_500"
"655b45fe0ebe678ef4df6864","Direct Thermal Label ","DT_75x125_250","Rollabel™","Rollabel™ Direct Thermal Label 75x125mm - 250 Labels Per Roll","DT_75x125_250"
"655b45fe0ebe678ef4df6858","Direct Thermal Label ","DT_50x90_2_400","Rollabel™","Rollabel™ Direct Thermal Label 50x90mm - 2Ups - 2x400 Labels Per Roll","DT_50x90_2_400"
"655b45fe0ebe678ef4df6857","Direct Thermal Label ","DT_50x90_2_250","Rollabel™","Rollabel™ Direct Thermal Label 50x90mm - 2Ups - 2x250 Labels Per Roll","DT_50x90_2_250"
"655b45fe0ebe678ef4df6860","Direct Thermal Label ","DT_51x32_500","Rollabel™","Rollabel™ Direct Thermal Label 51x32mm - 500 Labels Per Roll","DT_51x32_500"
"655b45fe0ebe678ef4df6859","Direct Thermal Label ","DT_50x90_2_500","Rollabel™","Rollabel™ Direct Thermal Label 50x90mm - 2Ups - 2x500 Labels Per Roll","DT_50x90_2_500"
"655b45fe0ebe678ef4df6856","Direct Thermal Label ","DT_34x34_2_2000","Rollabel™","Rollabel™ Direct Thermal Label 34x34mm - 2Ups - 2x2000 Labels Per Roll","DT_34x34_2_2000"
"655b45fe0ebe678ef4df6862","Direct Thermal Label ","DT_51x32_1500","Rollabel™","Rollabel™ Direct Thermal Label 51x32mm - 1500 Labels Per Roll","DT_51x32_1500"
"655b45fe0ebe678ef4df6863","Direct Thermal Label ","DT_51x32_2000","Rollabel™","Rollabel™ Direct Thermal Label 51x32mm - 2000 Labels Per Roll","DT_51x32_2000"
"655b45fe0ebe678ef4df6855","Direct Thermal Label ","DT_34x34_2_1000","Rollabel™","Rollabel™ Direct Thermal Label 34x34mm - 2Ups - 2x1000 Labels Per Roll","DT_34x34_2_1000"
"655b45fe0ebe678ef4df6861","Direct Thermal Label ","DT_51x32_1000","Rollabel™","Rollabel™ Direct Thermal Label 51x32mm - 1000 Labels Per Roll","DT_51x32_1000"
"65a49d4e7aba1accd77bab32","Direct Thermal label ","75x125mm - 400 Roll","Rollabel™","rollabel-direct-thermal-label-75×125-mm-400-roll","DT_75x125_400"
"65a49d4e7aba1accd77bab33","Direct Thermal label ","75x125mm - 500 Roll","Rollabel™","rollabel-direct-thermal-label-75×125-mm-500-roll","DT_75x125_500"
"65a49d4e7aba1accd77bab30","Direct Thermal label ","100x150mm - 500 Roll","Rollabel™","rollabel-direct-thermal-label-100×150-mm-500-roll","DT_100x150_500"
"65a49d4e7aba1accd77bab31","Direct Thermal label ","75x125mm - 250 Roll","Rollabel™","rollabel-direct-thermal-label-75×125-mm-250-roll","DT_75x125_250"
"65a49d4e7aba1accd77bab34","Direct Thermal label ","100x50mm - 500 Roll","Rollabel™","rollabel-direct-thermal-label-100×50-mm-500-roll","DT_100x50_500"
"65a49d4e7aba1accd77bab38","Direct Thermal label ","51x32mm - 2000 Roll","Rollabel™","rollabel-direct-thermal-label-51×32-mm-2000-roll","DT_51x32_2000"
"655b45fe0ebe678ef4df6877","Direct Thermal Label ","DT_100x75_500","Rollabel™","Rollabel™ Direct Thermal Label 100x75mm - 500 Labels Per Roll","DT_100x75_500"
"65a49d4e7aba1accd77bab36","Direct Thermal label ","51x32mm - 1000 Roll","Rollabel™","rollabel-direct-thermal-label-51×32-mm-1000-roll","DT_51x32_1000"
"65a49d4e7aba1accd77bab37","Direct Thermal label ","51x32mm - 1500 Roll","Rollabel™","rollabel-direct-thermal-label-51×32-mm-1500-roll","DT_51x32_1500"
"655b45fe0ebe678ef4df6841","Direct Thermal Label ","DT_50x20_2000","Rollabel™","Rollabel™ Direct Thermal Label 50x20mm - 2000 Labels Per Roll","DT_50x20_2000"
"655b45fe0ebe678ef4df6840","Direct Thermal Label ","DT_50x20_1000","Rollabel™","Rollabel™ Direct Thermal Label 50x20mm - 1000 Labels Per Roll","DT_50x20_1000"
"655b45fe0ebe678ef4df6873","Direct Thermal Label ","DT_65x70_400","Rollabel™","Rollabel™ Direct Thermal Label 65x70mm - 400 Labels Per Roll","DT_65x70_400"
"655b45fe0ebe678ef4df6842","Direct Thermal Label ","DT_50x38_500","Rollabel™","Rollabel™ Direct Thermal Label 50x38mm - 500 Labels Per Roll","DT_50x38_500"
"655b45fe0ebe678ef4df6874","Direct Thermal Label ","DT_65x70_500","Rollabel™","Rollabel™ Direct Thermal Label 65x70mm - 500 Labels Per Roll","DT_65x70_500"
"65a49d4e7aba1accd77bab2e","Direct Thermal label ","100x150mm - 250 Roll","Rollabel™","rollabel-direct-thermal-label-100×150-mm-250-roll","DT_100x150_250"
"65a49d4e7aba1accd77bab2f","Direct Thermal label ","100x150mm - 400 Roll","Rollabel™","rollabel-direct-thermal-label-100×150-mm-400-roll","DT_100x150_400"
"655b45fe0ebe678ef4df6875","Direct Thermal Label ","DT_100x75_250","Rollabel™","Rollabel™ Direct Thermal Label 100x75mm - 250 Labels Per Roll","DT_100x75_250"
"655b45fe0ebe678ef4df6876","Direct Thermal Label ","DT_100x75_400","Rollabel™","Rollabel™ Direct Thermal Label 100x75mm - 400 Labels Per Roll","DT_100x75_400"
"655b45fe0ebe678ef4df6853","Flipkart paper bag","pb4","Flipkart","flipkart-paper-bag-pb4","PB4"
"655b45fe0ebe678ef4df6854","flipkart paper bag","pb5","Flipkart","flipkart-paper-bag-pb5","PB5"
"655b45fe0ebe678ef4df6850","paper bag","pb2","Flipkart","flipkart-paper-bag-pb2","PB2"
"655b45fe0ebe678ef4df684f","paper bag","pb1.5","Flipkart","flipkart-paper-bag-pb1.5","PB1.5"
"655b45fe0ebe678ef4df6851","paper bag","pb3","Flipkart","flipkart-paper-bag-pb3","PB3"
"655b45fe0ebe678ef4df6852","paper bag","pb3.5","Flipkart","flipkart-paper-bag-pb3.5","PB3.5"
"655b45fe0ebe678ef4df684e","paper bag","PB1","Flipkart","flipkart-paper-bag-pb1","PB1"
"655b45fe0ebe678ef4df6849","paper bag","pm1","Amazon","amazon-paper-bag-pm1","PM1"
"655b45fe0ebe678ef4df684a","paper bag","pm2","Amazon","amazon-paper-bag-pm2","PM2"
"655b45fe0ebe678ef4df684c","paper bag","pm4","Amazon","amazon-paper-bag-pm4","PM4"
"655b45fe0ebe678ef4df684b","paper bag","pm3","Amazon","amazon-paper-bag-pm3","PM3"
"655bddfc74aaa9c6f3318d8f","polybag 52.5 micron","NMT2","Amazon","amazon-polybag-nmt2-52.5-micron","NMT2"
"655bddfc74aaa9c6f3318d90","polybag 52.5 micron","NPT6","Amazon","amazon-polybag-npt6-52.5-micron","NPT6"
"655bddfc74aaa9c6f3318d91","polybag 52.5 micron","NTT","Amazon","amazon-polybag-ntt-52.5-micron","NTT"
"655bddfc74aaa9c6f3318d8e","polybag 52.5 micron","NMT1","Amazon","amazon-polybag-nmt1-52.5-micron","NMT1"
"6926a910d53f3a772c6d628b","Polybag 52.5 Micron ","NPR7","Amazon","Amazon Polybag 52.5 Micron NPR7","NPR7"
"6642ec2165f20fe41ab44781","Speciality Tape","72mm X 35m X 80gsm","Pack Secure","packpro-speciality-tape-glass-cloth-tape","ST1"
"655b14030ebe678ef4df683f","Transparent BOPP Tape","72mm X 65m X 50 micron","Pack Secure","transparent-bopp-tape-72mm-65-meter-length-50-microns","BT_72x65_50"
"655b14030ebe678ef4df683c","Transparent BOPP tape","48mm X 50m X 50 micron","Pack Secure","transparent-bopp-tape-48mm-50-meter-length-50-microns","BT_48x50_50"
